Video_ID	Majority_Voting	Label	Target_Victimg	Componentg	Duration
BV1f8411b7Xz	Normal	['Normal', 'Normal']	[]	[]	[]
BV1em4y1B7bQ	Normal	['Normal', 'Normal']	[]	[]	[]
BV1FN41167Ei	Normal	['Normal', 'Normal']	[]	[]	[]
BV1nM411s72F	Offensive	['Offensive', 'Offensive']	[]	['Vision component', 'Metadata']	[(0, 12)]
BV1vQ4y1J7ZL	Offensive	['Offensive', 'Hateful', 'Offensive']	['Woman']	['Audio', 'Metadata']	[(0, 12)]
BV1NG411d7A6	Hateful	['Offensive', 'Hateful', 'Hateful']	['Woman']	['Vision component', 'Transcript', 'Metadata']	[(7, 21)]
BV1Hv41147NT	Normal	['Counter Narrative', 'Normal']	[]	[]	[]
BV16v4y1j7xk	Normal	['Hateful', 'Normal', 'Normal']	['Woman', 'children']	['Metadata']	[]
BV1YW4y127gs	Normal	['Normal', 'Normal']	[]	[]	[]
BV11P411x729	Normal	['Normal', 'Normal']	[]	[]	[]
BV1YA411r78E	Offensive	['Offensive', 'Offensive']	['Woman']	['Audio', 'Vision component', 'Transcript', 'Metadata']	[(0, 24)]
BV1By4y1N74T	Offensive	['Offensive', 'Normal', 'Offensive']	[]	['Vision component', 'Transcript', 'Metadata']	[(0, 22)]
BV13M411D7Yq	Normal	['Normal', 'Normal']	[]	[]	[]
BV1od4y1J7DX	Normal	['Normal', 'Normal']	[]	[]	[]
BV1NM41137FM	Normal	['Offensive', 'Normal', 'Normal']	['Man']	['Audio', 'Vision component', 'Metadata']	[(0, 32)]
BV1oT4y1b7fT	Offensive	['Offensive', 'Offensive']	['Woman']	['Transcript', 'Metadata']	[(0, 41)]
BV18v4y187td	Hateful	['Hateful', 'Hateful']	['Man', 'Taiwanese']	['Vision component', 'Transcript', 'Metadata']	[(0, 12)]
BV1Mi4y1u7WX	Normal	['Offensive', 'Normal', 'Normal']	['Woman']	['Metadata']	[]
BV1YQ4y1C7gV	Hateful	['Hateful', 'Hateful']	['Man', 'LGBTQ']	['Vision component', 'Transcript', 'Metadata']	[(0, 29)]
BV1Uh411p7nE	Normal	['Normal', 'Normal']	[]	[]	[]
BV1sQ4y1f7vn	Normal	['Normal', 'Normal']	[]	[]	[]
BV1zu41117e3	Offensive	['Offensive', 'Normal', 'Offensive']	['Woman']	['Audio', 'Vision component', 'Metadata']	[(0, 46)]
BV1fp4y1M7HW	Normal	['Offensive', 'Normal', 'Normal']	['Woman']	['Vision component', 'Metadata']	[(0, 36)]
BV1Lf4y1f7a3	Normal	['Normal', 'Normal']	[]	[]	[]
BV1ka4y1m7Ti	Normal	['Normal', 'Normal']	[]	[]	[]
BV1VC4y1H73M	Offensive	['Offensive', 'Hateful', 'Offensive']	['Woman']	['Audio', 'Metadata']	[(0, 13)]
BV1Rw411T76e	Hateful	['Offensive', 'Hateful', 'Hateful']	['Woman', 'Man']	['Audio', 'Vision component', 'Transcript', 'Metadata']	[(0, 14)]
BV1aP411k7xv	Offensive	['Offensive', 'Hateful', 'Offensive']	[]	['Audio', 'Transcript', 'Metadata']	[(0, 21)]
BV1xZ4y117VY	Normal	['Normal', 'Normal']	[]	[]	[]
BV1FY411u7Je	Normal	['Offensive', 'Normal', 'Normal']	[]	['Vision component', 'Metadata']	[]
BV1ru411X7TR	Hateful	['Hateful', 'Offensive', 'Hateful']	['Regional discrimination', 'Man']	['Transcript', 'Metadata']	[(16, 40)]
BV1yq4y1D7mz	Normal	['Normal', 'Normal']	[]	[]	[]
BV1se411H7hJ	Offensive	['Offensive', 'Offensive']	[]	['Audio', 'Vision component', 'Transcript', 'Metadata']	[(0, 20)]
BV11N411v7pX	Normal	['Normal', 'Normal']	[]	[]	[]
BV19T411379q	Normal	['Normal', 'Normal']	[]	[]	[]
BV19m4y1b7UC	Offensive	['Offensive', 'Offensive']	['Man']	['Transcript', 'Metadata']	[(15, 41)]
BV1KK411x79L	Normal	['Normal', 'Normal']	[]	[]	[]
BV1664y1p7E9	Normal	['Normal', 'Normal']	[]	[]	[]
BV1AT411t7wB	Offensive	['Offensive', 'Normal', 'Offensive']	['Woman', 'Man']	['Audio', 'Vision component', 'Transcript']	[(30, 44)]
BV1EC4y1S7Ht	Offensive	['Offensive', 'Offensive']	['Brother']	['Audio', 'Vision component', 'Transcript']	[(0, 22)]
BV1Hg41147vd	Offensive	['Offensive', 'Offensive']	['Woman']	['Vision component', 'Transcript', 'Metadata']	[(0, 57)]
BV14K411t7QQ	Normal	['Normal', 'Normal']	[]	[]	[]
BV1oi4y1H7JK	Hateful	['Offensive', 'Hateful', 'Hateful']	['Woman', 'Man']	['Audio', 'Vision component', 'Transcript', 'Metadata']	[(0, 11)]
BV1Dg411v7Uu	Offensive	['Offensive', 'Offensive']	['Woman']	['Audio', 'Vision component', 'Metadata']	[(0, 57)]
BV1g8411Z791	Normal	['Normal', 'Normal']	[]	[]	[]
BV1Rs411u7EH	Normal	['Normal', 'Normal']	[]	[]	[]
BV1H94y1C7U7	Normal	['Normal', 'Normal']	[]	[]	[]
BV1rq4y177j1	Normal	['Normal', 'Normal']	[]	[]	[]
BV1Ab4y1u7Kf	Offensive	['Offensive', 'Normal', 'Offensive']	['Woman']	['Vision component', 'Metadata']	[(0, 14)]
BV1Yt411T7Fr	Offensive	['Offensive', 'Hateful', 'Offensive']	['Woman']	['Transcript', 'Metadata']	[(0, 22)]
BV1ec411i7DD	Normal	['Normal', 'Normal']	[]	[]	[]
BV1184y1Y7he	Normal	['Normal', 'Normal']	[]	[]	[]
BV1584y137h6	Normal	['Normal', 'Normal']	[]	[]	[]
BV1Ug411K7Ps	Normal	['Normal', 'Normal']	[]	[]	[]
BV1jp4y1m7sE	Offensive	['Normal', 'Offensive', 'Offensive']	[]	['Audio', 'Metadata']	[(6, 13)]
BV1jT4y1j7P6	Hateful	['Counter Narrative', 'Hateful', 'Hateful']	['Man', 'LGBTQ']	['Audio', 'Vision component', 'Metadata']	[(0, 12)]
BV1gc411m7cN	Normal	['Normal', 'Normal']	[]	[]	[]
BV18N4y1x7xS	Normal	['Normal', 'Normal']	[]	[]	[]
BV1Nb4y1N7fJ	Normal	['Normal', 'Normal']	[]	[]	[]
BV1fb4y197W1	Normal	['Normal', 'Normal']	[]	[]	[]
BV1FY4y1F78G	Hateful	['Hateful', 'Offensive', 'Hateful']	['Certain celebrity', 'Ikun', 'ikun']	['Audio', 'Vision component', 'Metadata']	[(0, 31)]
BV1ap4y1j7uk	Hateful	['Normal', 'Offensive', 'Hateful', 'Hateful']	['Woman']	['Audio', 'Vision component', 'Transcript', 'Metadata']	[(0, 29)]
BV1BL4y1e744	Hateful	['Offensive', 'Hateful', 'Hateful']	['LGBTQ']	['Audio', 'Vision component', 'Transcript', 'Metadata']	[(0, 48)]
BV1SM41117HN	Offensive	['Normal', 'Offensive', 'Offensive']	['LGBTQ']	['Audio', 'Transcript', 'Metadata']	[(6, 50)]
BV1914y1L7pm	Normal	['Normal', 'Normal']	[]	[]	[]
BV1524y167te	Offensive	['Offensive', 'Normal', 'Offensive']	['Animals', 'animal']	['Audio', 'Vision component', 'Metadata']	[(0, 12)]
BV18D4y1s7kM	Hateful	['Offensive', 'Hateful', 'Hateful']	['Woman', 'Man']	['Audio', 'Vision component', 'Transcript', 'Metadata']	[(0, 57)]
BV1yK421C7j2	Normal	['Normal', 'Normal']	[]	[]	[]
BV1iW411V7pN	Normal	['Counter Narrative', 'Normal']	[]	[]	[]
BV1Cg4y1174P	Hateful	['Hateful', 'Hateful']	['Man', 'Israelis']	['Vision component', 'Transcript', 'Metadata']	[(0, 13)]
BV1o3411z7U6	Normal	['Offensive', 'Normal', 'Normal']	['Woman']	['Audio', 'Vision component']	[(23, 27)]
BV1rh411y7gS	Hateful	['Offensive', 'Hateful', 'Hateful']	['Woman', 'Man']	['Audio', 'Vision component', 'Transcript', 'Metadata']	[(0, 16)]
BV12V411N7ti	Hateful	['Hateful', 'Hateful']	['Japanese', 'Man']	['Vision component', 'Transcript', 'Metadata']	[(0, 31)]
BV17a4y1o75B	Normal	['Normal', 'Normal']	[]	[]	[]
BV1sP41167zR	Offensive	['Offensive', 'Offensive']	['Woman']	['Audio', 'Transcript']	[(0, 17)]
BV1AT411y7ER	Normal	['Normal', 'Normal']	[]	[]	[]
BV1tG411r7bD	Offensive	['Offensive', 'Normal', 'Offensive']	['Man']	['Audio', 'Vision component', 'Transcript', 'Metadata']	[(0, 30)]
BV1nQ4y1A7Dy	Offensive	['Offensive', 'Offensive']	[]	['Vision component', 'Transcript', 'Metadata']	[(0, 18)]
BV1ic411t7aJ	Normal	['Normal', 'Normal']	[]	[]	[]
BV1Qj411a7wg	Normal	['Normal', 'Normal']	[]	[]	[]
BV1qV4y1F7cQ	Offensive	['Counter Narrative', 'Offensive', 'Offensive']	[]	['Audio', 'Vision component', 'Transcript', 'Metadata']	[(14, 15)]
BV17C4y127hS	Normal	['Offensive', 'Normal', 'Normal']	['Woman', 'Man']	['Metadata']	[]
BV1yA4y197TA	Normal	['Offensive', 'Normal', 'Normal']	['Man']	['Audio', 'Vision component', 'Metadata']	[(0, 41)]
BV19K4y1U7s8	Normal	['Normal', 'Normal']	[]	[]	[]
BV1LW4y1J7eY	Hateful	['Hateful', 'Hateful']	['Parent']	['Metadata']	[]
BV1We411D7sc	Normal	['Normal', 'Normal']	[]	[]	[]
BV1mG411W753	Normal	['Normal', 'Normal']	[]	[]	[]
BV16M4y1c7eo	Normal	['Normal', 'Normal']	[]	[]	[]
BV1wj411h7ZN	Hateful	['Counter Narrative', 'Hateful', 'Hateful']	['Woman']	['Audio', 'Vision component', 'Transcript', 'Metadata']	[(0, 42)]
BV1dR4y1F78e	Normal	['Normal', 'Normal']	[]	[]	[]
BV1dm4y1r7Yn	Normal	['Normal', 'Normal']	[]	[]	[]
BV14x4y1X7FG	Normal	['Normal', 'Normal']	[]	[]	[]
BV1GK4y137t4	Normal	['Normal', 'Normal']	[]	[]	[]
BV1B94y1F7uj	Normal	['Offensive', 'Normal', 'Normal']	['Man']	['Audio', 'Vision component', 'Transcript', 'Metadata']	[(3, 8)]
BV1hB4y1t7Au	Normal	['Normal', 'Normal']	[]	[]	[]
BV1Um4y1G7Dy	Normal	['Normal', 'Normal']	[]	[]	[]
BV1tP4y1b7NN	Normal	['Normal', 'Normal']	[]	[]	[]
BV1qv4y1v7uo	Normal	['Normal', 'Normal']	[]	[]	[]
BV1eT4y1r73n	Normal	['Normal', 'Normal']	[]	[]	[]
BV1US4y1k7tq	Offensive	['Offensive', 'Offensive']	['Woman']	['Vision component', 'Metadata']	[(0, 10)]
BV1Md4y1f7dn	Offensive	['Offensive', 'Offensive']	[]	['Audio', 'Vision component', 'Metadata']	[(0, 36)]
BV1mQ4y1r7GD	Normal	['Normal', 'Normal']	[]	[]	[]
BV19e4y1R7TS	Offensive	['Offensive', 'Hateful', 'Offensive']	['Man', 'LGBTQ']	['Vision component', 'Transcript', 'Metadata']	[(0, 15)]
BV1mp4y1E7QP	Normal	['Normal', 'Normal']	[]	[]	[]
BV1zp4y137hW	Offensive	['Offensive', 'Offensive']	[]	['Metadata']	[]
BV11K4y1R733	Offensive	['Hateful', 'Offensive', 'Offensive']	['Woman', 'Man']	['Audio', 'Vision component', 'Transcript', 'Metadata']	[(0, 56)]
BV17T411x7jK	Hateful	['Hateful', 'Hateful']	['Man', 'Taiwanese']	['Vision component', 'Transcript', 'Metadata']	[(0, 12)]
BV1ca4y1e7ud	Offensive	['Normal', 'Offensive', 'Offensive']	['Woman']	['Vision component', 'Transcript']	[(0, 56)]
BV1VR4y117b7	Normal	['Hateful', 'Normal', 'Normal']	['Woman']	['Vision component']	[(38, 52)]
BV16o4y1X7BL	Normal	['Normal', 'Normal']	[]	[]	[]
BV1VG411o7NR	Hateful	['Hateful', 'Hateful']	['Japanese', 'Man']	['Audio', 'Vision component', 'Transcript', 'Metadata']	[(0, 16)]
BV1Jp4y1R7Au	Normal	['Normal', 'Normal']	[]	[]	[]
BV1v94y1u7nj	Normal	['Normal', 'Normal']	[]	[]	[]
BV17a411q7Ei	Normal	['Normal', 'Normal']	[]	[]	[]
BV1t2421w7n9	Normal	['Counter Narrative', 'Normal']	[]	[]	[]
BV1xi4y1a7b4	Normal	['Normal', 'Normal']	[]	[]	[]
BV1FG411j7YT	Normal	['Hateful', 'Normal', 'Normal']	['LGBTQ']	['Metadata']	[]
BV1D44y1t7sc	Normal	['Normal', 'Normal']	[]	[]	[]
BV11T411x7HG	Offensive	['Offensive', 'Offensive']	['Woman']	['Metadata']	[]
BV1pv4y1a71S	Normal	['Normal', 'Normal']	[]	[]	[]
BV1zh4y127bM	Offensive	['Offensive', 'Offensive']	[]	['Metadata']	[]
BV1aw411y75E	Normal	['Normal', 'Normal']	[]	[]	[]
BV1Cz4y1g7qg	Normal	['Normal', 'Normal']	[]	[]	[]
BV1Xc411U7pj	Normal	['Normal', 'Normal']	[]	[]	[]
BV1pc411y7qs	Normal	['Normal', 'Normal']	[]	[]	[]
BV13K4y1x7bQ	Offensive	['Offensive', 'Offensive']	['Indian', 'China', 'Territory', 'Middle East', 'Bangladesh']	['Vision component', 'Metadata']	[(0, 42)]
BV1PQ4y1u7nD	Normal	['Normal', 'Normal']	[]	[]	[]
BV16W4y1b7r3	Hateful	['Offensive', 'Hateful', 'Hateful']	['Man', 'LGBTQ']	['Audio', 'Vision component', 'Transcript', 'Metadata']	[(0, 22)]
BV1Hh4y1A7DT	Normal	['Normal', 'Normal']	[]	[]	[]
BV19F411d7WV	Hateful	['Offensive', 'Hateful', 'Hateful']	['Woman']	['Vision component', 'Metadata']	[(0, 41)]
BV18s4y1N7WZ	Normal	['Normal', 'Normal']	[]	[]	[]
BV1Jm4y1G7fx	Normal	['Normal', 'Normal']	[]	[]	[]
BV1sJ4m147qj	Normal	['Normal', 'Normal']	[]	[]	[]
BV1go4y1J7MX	Hateful	['Offensive', 'Hateful', 'Hateful']	['Woman']	['Vision component', 'Metadata']	[(0, 16)]
BV1vo4y1b71W	Hateful	['Hateful', 'Hateful']	['Man', 'American']	['Vision component', 'Transcript', 'Metadata']	[(0, 12)]
BV1tC4y187C9	Normal	['Normal', 'Normal']	[]	[]	[]
BV1cb411Q7c7	Normal	['Normal', 'Normal']	[]	[]	[]
BV1q54y1u73X	Offensive	['Offensive', 'Hateful', 'Offensive']	['Man']	['Vision component', 'Transcript', 'Metadata']	[(0, 10)]
BV1bg4y1Z7ht	Normal	['Normal', 'Normal']	[]	[]	[]
BV1Yo4y1A7G2	Normal	['Normal', 'Normal']	[]	[]	[]
BV1MN411Z7Ra	Normal	['Normal', 'Normal']	[]	[]	[]
BV1Cc411w7vA	Normal	['Counter Narrative', 'Normal']	[]	[]	[]
BV1zc411r7ft	Normal	['Normal', 'Normal']	[]	[]	[]
BV1GB4y16758	Offensive	['Normal', 'Offensive', 'Offensive']	['Man', 'LGBTQ']	['Audio', 'Vision component', 'Transcript', 'Metadata']	[(0, 28)]
BV1C84y1J7LA	Hateful	['Offensive', 'Hateful', 'Hateful']	['Man', 'LGBTQ']	['Audio', 'Vision component', 'Transcript', 'Metadata']	[(0, 21)]
BV1ug411W74C	Hateful	['Counter Narrative', 'Hateful', 'Hateful']	['American']	['Vision component', 'Transcript', 'Metadata']	[(0, 18)]
BV1XV4y1e7SK	Offensive	['Offensive', 'Offensive']	[]	['Metadata']	[]
BV1ig4y1A7uq	Normal	['Offensive', 'Normal', 'Normal']	['LGBTQ']	['Metadata']	[]
BV11o4y187gX	Normal	['Normal', 'Normal']	[]	[]	[]
BV1ca4y157Pi	Normal	['Normal', 'Normal']	[]	[]	[]
BV1PK4y1B7BF	Offensive	['Offensive', 'Hateful', 'Offensive']	['Woman']	['Metadata']	[]
BV1Ro4y1q7Jo	Normal	['Offensive', 'Normal', 'Normal']	['Woman']	['Metadata']	[]
BV1J3411B7Ag	Normal	['Normal', 'Normal']	[]	[]	[]
BV1U54y1U7Ho	Offensive	['Offensive', 'Hateful', 'Offensive']	['Police', 'Woman']	['Vision component', 'Transcript', 'Metadata']	[(0, 28)]
BV1b84y197NJ	Normal	['Normal', 'Normal']	[]	[]	[]
BV1964y1J7pE	Offensive	['Offensive', 'Offensive']	['Woman', 'LGBTQ']	['Metadata']	[]
BV1je411p7vQ	Normal	['Offensive', 'Normal', 'Normal']	['Woman']	['Audio', 'Vision component']	[(0, 24)]
BV1fg4y1x7Xt	Normal	['Normal', 'Normal']	[]	[]	[]
BV1tf4y1U77w	Normal	['Offensive', 'Normal', 'Normal']	[]	['Metadata']	[]
BV1ss411f7Vx	Offensive	['Offensive', 'Hateful', 'Offensive']	['Woman']	['Audio', 'Vision component', 'Transcript', 'Metadata']	[(0, 20)]
BV1zm41197YD	Normal	['Normal', 'Normal']	[]	[]	[]
BV1gT4y1Y7WY	Hateful	['Hateful', 'Offensive', 'Hateful']	['LGBTQ']	['Audio', 'Vision component', 'Transcript', 'Metadata']	[(0, 31)]
BV1RW4y1A7i6	Normal	['Normal', 'Normal']	[]	[]	[]
BV1rV4y167VC	Hateful	['Hateful', 'Hateful']	['Woman', 'Taiwanese']	['Vision component', 'Transcript', 'Metadata']	[(0, 12)]
BV17341127LR	Hateful	['Offensive', 'Hateful', 'Hateful']	['Man', 'LGBTQ']	['Audio', 'Transcript', 'Metadata']	[(0, 12)]
BV1Fi42117Sj	Hateful	['Hateful', 'Normal', 'Offensive', 'Hateful']	['Woman']	['Audio', 'Vision component', 'Transcript', 'Metadata']	[(0, 29)]
BV1sr4y1A7x7	Normal	['Normal', 'Normal']	[]	[]	[]
BV1EN411E7Dy	Offensive	['Offensive', 'Hateful', 'Offensive']	['Man', 'LGBTQ']	['Vision component', 'Metadata']	[(0, 23)]
BV1At411a71T	Normal	['Normal', 'Normal']	[]	[]	[]
BV1i34y1n7VT	Normal	['Normal', 'Normal']	[]	[]	[]
BV1jh4y1E7yZ	Normal	['Normal', 'Normal']	[]	[]	[]
BV1aj411a7N8	Normal	['Normal', 'Normal']	[]	[]	[]
BV1de41127of	Offensive	['Offensive', 'Normal', 'Offensive']	['Man']	['Vision component', 'Metadata']	[(0, 15)]
BV1oq4y1X7bV	Normal	['Hateful', 'Normal', 'Normal']	['Woman']	['Metadata']	[]
BV1zT4y1b7d7	Hateful	['Offensive', 'Normal', 'Hateful', 'Hateful']	['Woman']	['Audio', 'Transcript']	[(0, 52)]
BV1Xa4y1u7Bq	Offensive	['Offensive', 'Offensive']	['Woman']	['Metadata']	[]
BV1JX4y1L7v8	Normal	['Normal', 'Normal']	[]	[]	[]
BV1y8411o7Gc	Offensive	['Offensive', 'Offensive']	['Woman', 'Cheater']	['Audio', 'Vision component', 'Transcript', 'Metadata']	[(0, 45)]
BV1HA411d7mr	Offensive	['Counter Narrative', 'Offensive', 'Offensive']	['Man']	['Vision component', 'Transcript', 'Metadata']	[(0, 54)]
BV1Js4y1z7fR	Normal	['Normal', 'Normal']	[]	[]	[]
BV1po4y1o7Fk	Normal	['Counter Narrative', 'Normal']	[]	[]	[]
BV1Gj411s7Cb	Normal	['Normal', 'Normal']	[]	[]	[]
BV1Wd4y1C7Nk	Normal	['Normal', 'Normal']	[]	[]	[]
BV1sH4y1m7S2	Normal	['Normal', 'Normal']	[]	[]	[]
BV1yW4y1Z76C	Normal	['Normal', 'Normal']	[]	[]	[]
BV17N4y1q7qc	Normal	['Counter Narrative', 'Normal']	[]	[]	[]
BV12v411g72s	Normal	['Normal', 'Normal']	[]	[]	[]
BV18u411N7Le	Normal	['Offensive', 'Normal', 'Normal']	['classmates']	['Metadata']	[]
BV1XV4y1D75H	Normal	['Normal', 'Normal']	[]	[]	[]
BV1Uz4y1q7XQ	Normal	['Counter Narrative', 'Normal']	[]	[]	[]
BV13C4y197kf	Normal	['Normal', 'Normal']	[]	[]	[]
BV1h64y1p7AY	Normal	['Normal', 'Normal']	[]	[]	[]
BV1Tz4y1c7Vg	Normal	['Normal', 'Normal']	[]	[]	[]
BV1js4y1m7Xq	Normal	['Offensive', 'Normal', 'Normal']	[]	['Vision component']	[(0, 27)]
BV1Xc411y7rj	Normal	['Offensive', 'Normal', 'Normal']	['Man', 'LGBTQ']	['Vision component']	[(0, 35)]
BV1bw411V79d	Offensive	['Offensive', 'Offensive']	['Man']	['Vision component']	[(3, 5), (16, 21)]
BV1T44y1R7fk	Offensive	['Offensive', 'Offensive']	['Woman']	['Audio', 'Vision component', 'Transcript', 'Metadata']	[(0, 33)]
BV14x4y187MJ	Normal	['Offensive', 'Normal', 'Normal']	['Woman']	['Metadata']	[]
BV1bv411P7xG	Normal	['Counter Narrative', 'Normal']	[]	[]	[]
BV16p4y1f7fi	Offensive	['Offensive', 'Offensive']	['Woman']	['Audio', 'Vision component', 'Transcript', 'Metadata']	[(0, 10)]
BV1754y1T79z	Normal	['Normal', 'Normal']	[]	[]	[]
BV1nZ4y1973E	Normal	['Normal', 'Normal']	[]	[]	[]
BV1TA411t7FJ	Normal	['Normal', 'Normal']	[]	[]	[]
BV1vR4y1177h	Normal	['Normal', 'Normal']	[]	[]	[]
BV1qF411Z7Lj	Hateful	['Hateful', 'Offensive', 'Hateful']	['Woman', None]	['Audio', 'Vision component', 'Transcript', 'Metadata']	[(0, 24)]
BV17i4y1s7w6	Normal	['Normal', 'Normal']	[]	[]	[]
BV1gh411Z7U8	Hateful	['Normal', 'Hateful', 'Hateful']	['Man', 'LGBTQ']	['Vision component', 'Metadata']	[(0, 26)]
BV1PV411N7VV	Normal	['Normal', 'Normal']	[]	[]	[]
BV1JV4y157qo	Normal	['Normal', 'Normal']	[]	[]	[]
BV18a4y127o3	Normal	['Normal', 'Normal']	[]	[]	[]
BV1yy4y1j7Qm	Normal	['Normal', 'Normal']	[]	[]	[]
BV1qy4y1A78g	Normal	['Normal', 'Normal']	[]	[]	[]
BV1rk4y1X7wX	Hateful	['Counter Narrative', 'Hateful', 'Hateful']	['Man']	['Vision component', 'Transcript', 'Metadata']	[(0, 48)]
BV133411Y7Ed	Normal	['Normal', 'Normal']	[]	[]	[]
BV1sM4y1b7Jo	Offensive	['Offensive', 'Normal', 'Offensive']	['Man', 'LGBTQ']	['Vision component', 'Metadata']	[(0, 20)]
BV1KS4y147N8	Normal	['Normal', 'Normal']	[]	[]	[]
BV1CC4y1Y76y	Normal	['Normal', 'Normal']	[]	[]	[]
BV1pB4y1y7xu	Normal	['Normal', 'Normal']	[]	[]	[]
BV1rY4y1U7ZU	Normal	['Normal', 'Normal']	[]	[]	[]
BV1Gu411A7py	Normal	['Normal', 'Normal']	[]	[]	[]
BV1wJ411U73M	Normal	['Normal', 'Normal']	[]	[]	[]
BV1TP411173t	Normal	['Normal', 'Normal']	[]	[]	[]
BV1Ua4y1z7qi	Normal	['Counter Narrative', 'Normal']	[]	[]	[]
BV1PS4y1Q7gX	Normal	['Normal', 'Normal']	[]	[]	[]
BV1924y1N7DA	Normal	['Counter Narrative', 'Normal']	[]	[]	[]
BV1oK41127n4	Offensive	['Offensive', 'Normal', 'Offensive']	['LGBTQ']	['Metadata']	[]
BV1bW4y1S7Zq	Normal	['Normal', 'Normal']	[]	[]	[]
BV1aV4y1b7tA	Offensive	['Offensive', 'Hateful', 'Offensive']	['Woman']	['Audio', 'Metadata']	[(0, 13)]
BV1Ym4y1i7H4	Hateful	['Offensive', 'Hateful', 'Hateful']	['Japanese', 'Woman', 'Man']	['Audio', 'Vision component', 'Transcript', 'Metadata']	[(0, 47)]
BV1c3411m7nb	Normal	['Normal', 'Normal']	[]	[]	[]
BV1w64y11788	Offensive	['Offensive', 'Offensive']	[]	['Vision component']	[(0, 29)]
BV1K8411C7m9	Normal	['Normal', 'Normal']	[]	[]	[]
BV1t84y1S7F7	Normal	['Offensive', 'Normal', 'Normal']	['Woman']	['Audio', 'Transcript']	[(0, 28)]
BV16Y411W7KG	Normal	['Normal', 'Normal']	[]	[]	[]
BV1LJ411y7QX	Hateful	['Hateful', 'Offensive', 'Normal', 'Hateful']	['Celebrity', 'LGBTQ']	['Audio', 'Vision component', 'Metadata']	[(0, 52)]
BV1oV411D7dG	Normal	['Normal', 'Normal']	[]	[]	[]
BV1Le411J7LZ	Normal	['Normal', 'Normal']	[]	[]	[]
BV1cj411z77r	Normal	['Normal', 'Normal']	[]	[]	[]
BV15X4y1N74H	Normal	['Hateful', 'Normal', 'Normal']	['LGBTQ']	['Metadata']	[]
BV1L4411Z72N	Normal	['Normal', 'Normal']	[]	[]	[]
BV1Yf4y1n7fF	Hateful	['Offensive', 'Hateful', 'Hateful']	['Woman']	['Audio', 'Vision component', 'Transcript', 'Metadata']	[(0, 48)]
BV1NX4y177c8	Normal	['Hateful', 'Normal', 'Normal']	['LGBTQ']	['Metadata']	[]
BV1R64y1f78D	Offensive	['Offensive', 'Hateful', 'Offensive']	['Woman', 'Man']	['Audio', 'Vision component', 'Transcript', 'Metadata']	[(0, 47)]
BV1Cq4y1r7bW	Offensive	['Offensive', 'Offensive']	[]	['Metadata']	[]
BV1uk4y1D7JG	Offensive	['Offensive', 'Normal', 'Offensive']	['Woman']	['Vision component', 'Transcript']	[(0, 8)]
BV12N4y167Dh	Hateful	['Normal', 'Hateful', 'Hateful']	['Woman']	['Metadata']	[]
BV1VL41157aA	Offensive	['Hateful', 'Offensive', 'Offensive']	['LGBTQ']	['Vision component', 'Metadata']	[(0, 50)]
BV1KU4y117ZF	Normal	['Offensive', 'Normal', 'Normal']	[]	['Audio', 'Vision component', 'Transcript']	[(2, 11)]
BV1kK411B7bL	Normal	['Counter Narrative', 'Normal']	[]	[]	[]
BV1SL411L7nB	Normal	['Normal', 'Normal']	[]	[]	[]
BV1Rq4y1P7uD	Normal	['Normal', 'Normal']	[]	[]	[]
BV1Ls4y157dM	Hateful	['Hateful', 'Offensive', 'Hateful']	['Woman', None]	['Vision component', 'Transcript', 'Metadata']	[(0, 12)]
BV11W4y1J7DA	Normal	['Normal', 'Normal']	[]	[]	[]
BV1Qb4y197h5	Hateful	['Hateful', 'Hateful']	['Man']	['Audio', 'Vision component', 'Transcript', 'Metadata']	[(0, 24)]
BV1qJ4m1J7Jo	Offensive	['Offensive', 'Normal', 'Offensive']	['Woman']	['Audio', 'Vision component', 'Transcript', 'Metadata']	[(0, 43)]
BV1Gk4y1p71q	Normal	['Offensive', 'Normal', 'Normal']	['Woman']	['Metadata']	[]
BV1RV411X777	Normal	['Normal', 'Normal']	[]	[]	[]
BV1s14y1a7Z9	Offensive	['Offensive', 'Offensive']	[]	['Transcript', 'Metadata']	[(2, 13)]
BV16a4y1R7Cr	Normal	['Normal', 'Normal']	[]	[]	[]
BV1Xv411G7ur	Normal	['Normal', 'Normal']	[]	[]	[]
BV1eb411K7Bd	Normal	['Hateful', 'Normal', 'Normal']	['A celebrity']	['Vision component', 'Metadata']	[(0, 42)]
BV1hL4y1j7pp	Hateful	['Offensive', 'Hateful', 'Hateful']	['Taiwanese']	['Vision component', 'Metadata']	[(0, 7)]
BV1Vz4y1G7ky	Normal	['Normal', 'Normal']	[]	[]	[]
BV1ad4y1p7Qz	Offensive	['Offensive', 'Offensive']	['Woman']	['Audio', 'Transcript', 'Metadata']	[(0, 35)]
BV1m341167pW	Normal	['Normal', 'Normal']	[]	[]	[]
BV1aM4y1x7RU	Normal	['Counter Narrative', 'Normal']	[]	[]	[]
BV14R4y1v7WF	Normal	['Normal', 'Normal']	[]	[]	[]
BV1454y1w795	Normal	['Normal', 'Normal']	[]	[]	[]
BV1qd4y1z75Z	Offensive	['Offensive', 'Offensive']	[]	['Vision component', 'Metadata']	[(0, 15)]
BV1g14y1u7XD	Offensive	['Offensive', 'Offensive']	['Woman']	['Audio', 'Vision component', 'Transcript', 'Metadata']	[(0, 45)]
BV193411W7MX	Normal	['Normal', 'Normal']	[]	[]	[]
BV1Kq4y1j7Af	Normal	['Normal', 'Normal']	[]	[]	[]
BV1hg411H7Av	Offensive	['Offensive', 'Offensive']	[]	['Metadata']	[]
BV1fP4y1H7tr	Hateful	['Hateful', 'Offensive', 'Hateful']	['Man', 'LGBTQ']	['Audio', 'Vision component', 'Transcript', 'Metadata']	[(0, 17)]
BV1mv4y197DG	Offensive	['Offensive', 'Offensive']	[]	['Audio', 'Transcript', 'Metadata']	[(0, 31)]
BV1F24y1i7ox	Normal	['Normal', 'Normal']	[]	[]	[]
BV1s14y1B7Yc	Normal	['Normal', 'Normal']	[]	[]	[]
BV1iB4y1M75Y	Normal	['Normal', 'Normal']	[]	[]	[]
BV1jS4y1J74m	Hateful	['Counter Narrative', 'Hateful', 'Hateful']	['Woman', 'Man']	['Audio', 'Vision component', 'Transcript', 'Metadata']	[(0, 50)]
BV1PN411275K	Hateful	['Offensive', 'Hateful', 'Hateful']	['Japanese', 'Woman']	['Vision component', 'Transcript', 'Metadata']	[(0, 30)]
BV1xe4y1w7vP	Normal	['Normal', 'Normal']	[]	[]	[]
BV148411M7Gb	Normal	['Normal', 'Normal']	[]	[]	[]
BV1F4411P7xp	Normal	['Counter Narrative', 'Normal']	[]	[]	[]
BV1KY4y147Ud	Normal	['Normal', 'Normal']	[]	[]	[]
BV18f421o7ne	Normal	['Offensive', 'Normal', 'Normal']	['LGBTQ']	['Metadata']	[]
BV1Gj411H76z	Normal	['Normal', 'Normal']	[]	[]	[]
BV1xC4y1P7nR	Normal	['Offensive', 'Normal', 'Normal']	['Woman', 'LGBTQ']	['Metadata']	[]
BV1rG411L7n6	Offensive	['Offensive', 'Offensive']	['Man']	['Vision component', 'Transcript', 'Metadata']	[(0, 21)]
BV1gW4y127V2	Normal	['Normal', 'Normal']	[]	[]	[]
BV1A24y1T7JN	Normal	['Normal', 'Hateful', 'Normal']	['Woman', 'LGBTQ']	['Metadata']	[]
BV1Bp4y117ZU	Hateful	['Hateful', 'Hateful']	['Woman']	['Audio', 'Vision component', 'Transcript', 'Metadata']	[(0, 9)]
BV1ke411n7vj	Offensive	['Offensive', 'Hateful', 'Offensive']	['Woman', 'Man']	['Audio', 'Vision component', 'Transcript', 'Metadata']	[(0, 22)]
BV1ig41137ru	Offensive	['Offensive', 'Hateful', 'Offensive']	['Man']	['Audio', 'Vision component', 'Transcript', 'Metadata']	[(0, 11)]
BV1es4y167Q5	Offensive	['Offensive', 'Hateful', 'Offensive']	['Woman']	['Audio', 'Vision component', 'Transcript', 'Metadata']	[(0, 29)]
BV1d24y1z73i	Normal	['Normal', 'Normal']	[]	[]	[]
BV1Tp4y1k7HG	Offensive	['Offensive', 'Offensive']	['Man', 'LGBTQ']	['Audio', 'Transcript', 'Metadata']	[(0, 45)]
BV1Uz4y1y7qZ	Normal	['Counter Narrative', 'Normal']	[]	[]	[]
BV1Pz4y1c7Rd	Normal	['Normal', 'Normal']	[]	[]	[]
BV1HF41197Ek	Normal	['Normal', 'Normal']	[]	[]	[]
BV1jj411C7nk	Normal	['Normal', 'Normal']	[]	[]	[]
BV18e4y1B7XD	Normal	['Normal', 'Normal']	[]	[]	[]
BV1nV411W7aY	Hateful	['Hateful', 'Normal', 'Hateful']	['Man']	['Vision component', 'Transcript', 'Metadata']	[(1, 13)]
BV1Y541157m6	Normal	['Normal', 'Normal']	[]	[]	[]
BV1wg411n7uj	Normal	['Normal', 'Normal']	[]	[]	[]
BV1KN411v7pm	Normal	['Normal', 'Normal']	[]	[]	[]
BV1DX4y1R74Z	Normal	['Normal', 'Normal']	[]	[]	[]
BV1GP411R7Lv	Normal	['Normal', 'Normal']	[]	[]	[]
BV1ey4y1r7nP	Normal	['Normal', 'Normal']	[]	[]	[]
BV1dM4m1d7FB	Normal	['Offensive', 'Normal', 'Normal']	['Woman']	['Vision component', 'Metadata']	[(0, 12)]
BV1ie41157AN	Offensive	['Offensive', 'Offensive']	['Woman', 'Man']	['Audio', 'Vision component', 'Metadata']	[(0, 14)]
BV16p4y1G7mk	Offensive	['Offensive', 'Offensive']	['Woman']	['Transcript', 'Metadata']	[(0, 42)]
BV1NV4y1y7Kv	Normal	['Normal', 'Normal']	[]	[]	[]
BV1JX4y1x7nT	Normal	['Normal', 'Normal']	[]	[]	[]
BV11X4y1C71h	Hateful	['Offensive', 'Hateful', 'Hateful']	['Man', 'LGBTQ']	['Audio', 'Transcript', 'Metadata']	[(0, 18)]
BV17K4y1r7Dt	Offensive	['Offensive', 'Hateful', 'Offensive']	['Man']	['Vision component', 'Metadata']	[(0, 20)]
BV1A64y1W7Bx	Normal	['Counter Narrative', 'Normal']	[]	[]	[]
BV17a4y117H8	Normal	['Normal', 'Normal']	[]	[]	[]
BV1WV4y1L7yu	Normal	['Normal', 'Normal']	[]	[]	[]
BV1Cc411s7qM	Normal	['Normal', 'Normal']	[]	[]	[]
BV1x14y1k7ik	Normal	['Normal', 'Normal']	[]	[]	[]
BV12Q4y1Q7jC	Normal	['Normal', 'Normal']	[]	[]	[]
BV11V411o7aP	Normal	['Offensive', 'Normal', 'Normal']	['Man']	['Metadata']	[]
BV1bm4y1C75b	Hateful	['Hateful', 'Hateful']	['Woman', 'Taiwanese']	['Vision component', 'Transcript', 'Metadata']	[(0, 21)]
BV1564y1J7UW	Normal	['Normal', 'Normal']	[]	[]	[]
BV17Q4y1d7bR	Offensive	['Normal', 'Offensive', 'Offensive']	['Woman']	['Audio', 'Vision component', 'Transcript']	[(10, 50)]
BV1Rq4y157fL	Offensive	['Hateful', 'Offensive', 'Offensive']	['Woman', 'Man']	['Audio', 'Vision component', 'Transcript', 'Metadata']	[(0, 53)]
BV1uA411r73e	Normal	['Normal', 'Normal']	[]	[]	[]
BV1iQ4y1X7qY	Normal	['Normal', 'Normal']	[]	[]	[]
BV1wz4y1L7jp	Offensive	['Offensive', 'Offensive']	[]	['Audio', 'Vision component', 'Transcript', 'Metadata']	[(40, 48)]
BV165411474t	Normal	['Hateful', 'Normal', 'Normal']	['Woman']	['Metadata']	[]
BV18s4y1Q7oK	Normal	['Normal', 'Normal']	[]	[]	[]
BV1EU4y1M7dd	Normal	['Normal', 'Normal']	[]	[]	[]
BV1vs4y127aA	Normal	['Normal', 'Normal']	[]	[]	[]
BV1XC4y1C7s7	Normal	['Normal', 'Normal']	[]	[]	[]
BV1GN411y7fq	Normal	['Counter Narrative', 'Normal']	[]	[]	[]
BV1L94y1e7bV	Normal	['Normal', 'Normal']	[]	[]	[]
BV1XR4y1E75t	Normal	['Normal', 'Offensive', 'Normal']	[]	['Audio', 'Vision component']	[(8, 18)]
BV18u411p74B	Offensive	['Offensive', 'Hateful', 'Offensive']	['Woman']	['Audio', 'Vision component', 'Transcript', 'Metadata']	[(0, 43)]
BV1TS4y1r7m6	Normal	['Normal', 'Normal']	[]	[]	[]
BV1MP41197h9	Offensive	['Normal', 'Offensive', 'Offensive']	['Woman', 'LGBTQ']	['Transcript', 'Metadata']	[(9, 12), (43, 46)]
BV1VN4y1a7vX	Normal	['Offensive', 'Normal', 'Normal']	[]	['Metadata']	[]
BV13z4y1x7CP	Hateful	['Hateful', 'Counter Narrative', 'Hateful']	['Woman']	['Metadata']	[]
BV1Dm4y1L7Uf	Normal	['Offensive', 'Normal', 'Normal']	['Woman']	['Vision component']	[(1, 32)]
BV1Kq4y1q7P1	Normal	['Hateful', 'Normal', 'Normal']	['Asexuals']	['Vision component']	[(0, 15)]
BV1jE411V7cn	Normal	['Normal', 'Normal']	[]	[]	[]
BV1QP411h7zp	Normal	['Normal', 'Normal']	[]	[]	[]
BV1oX4y1979H	Hateful	['Hateful', 'Counter Narrative', 'Hateful']	['Japanese', 'Man']	['Vision component', 'Transcript', 'Metadata']	[(0, 22)]
BV15M411A7xj	Normal	['Normal', 'Normal']	[]	[]	[]
BV1Dm4y1H79W	Normal	['Counter Narrative', 'Normal']	[]	[]	[]
BV1gP411W7fx	Normal	['Offensive', 'Normal', 'Normal']	['Woman']	['Vision component', 'Metadata']	[(1, 28)]
BV1Yh411B7XD	Normal	['Normal', 'Normal']	[]	[]	[]
BV1R84y1q7AT	Normal	['Normal', 'Normal']	[]	[]	[]
BV1Sk4y1U7qt	Normal	['Normal', 'Normal']	[]	[]	[]
BV1424y1S7KV	Normal	['Normal', 'Normal']	[]	[]	[]
BV1YF411Q7hD	Normal	['Normal', 'Normal']	[]	[]	[]
BV1ok4y1N7tr	Normal	['Hateful', 'Normal', 'Normal']	['Woman']	['Metadata']	[]
BV153411W7zg	Normal	['Offensive', 'Normal', 'Normal']	['Woman']	['Vision component', 'Metadata']	[(16, 37)]
BV1h8411i7ia	Normal	['Normal', 'Normal']	[]	[]	[]
BV1j24y1p7cy	Normal	['Counter Narrative', 'Normal']	[]	[]	[]
BV1SH4y1D7kF	Offensive	['Offensive', 'Offensive']	['Woman', 'Man']	['Audio', 'Transcript', 'Metadata']	[(3, 4), (7, 8)]
BV1x94y1F7zR	Offensive	['Offensive', 'Offensive']	['Woman']	['Audio', 'Vision component', 'Transcript', 'Metadata']	[(0, 31)]
BV1BM411Q7fY	Normal	['Offensive', 'Normal', 'Normal']	['Woman']	['Audio', 'Vision component', 'Transcript']	[(0, 16)]
BV1wN411a7HT	Hateful	['Offensive', 'Hateful', 'Hateful']	['Man', 'LGBTQ']	['Audio', 'Transcript', 'Metadata']	[(0, 8)]
BV1ev4y1V7U9	Normal	['Normal', 'Offensive', 'Normal']	['Woman']	['Audio', 'Vision component', 'Transcript']	[(0, 36)]
BV1554y1z76C	Normal	['Normal', 'Normal']	[]	[]	[]
BV15W4y1m7zy	Normal	['Normal', 'Normal']	[]	[]	[]
BV1RY411A7ZQ	Hateful	['Hateful', 'Offensive', 'Hateful']	['LGBTQ']	['Audio', 'Vision component', 'Transcript', 'Metadata']	[(0, 24)]
BV1GL411q7rm	Normal	['Normal', 'Normal']	[]	[]	[]
BV1Ze411h7yw	Normal	['Normal', 'Normal']	[]	[]	[]
BV1oc41177Vg	Normal	['Normal', 'Normal']	[]	[]	[]
BV15w411w7ZS	Normal	['Normal', 'Normal']	[]	[]	[]
BV1ho4y1h7P8	Offensive	['Counter Narrative', 'Offensive', 'Offensive']	[]	['Audio', 'Vision component', 'Metadata']	[(0, 37)]
BV1E24y1X7Fo	Offensive	['Normal', 'Offensive', 'Offensive']	['Woman']	['Vision component', 'Metadata']	[(0, 59)]
BV18N4y1w7t7	Normal	['Normal', 'Normal']	[]	[]	[]
BV1DP4y1j7J4	Normal	['Normal', 'Normal']	[]	[]	[]
BV1eM4y1d7RX	Normal	['Normal', 'Normal']	[]	[]	[]
BV1Cs4y197aX	Normal	['Counter Narrative', 'Normal']	[]	[]	[]
BV12z411b7mg	Normal	['Counter Narrative', 'Normal']	[]	[]	[]
BV1Me411J74o	Normal	['Normal', 'Normal']	[]	[]	[]
BV1ia4y1M7dJ	Normal	['Hateful', 'Normal', 'Normal']	['Woman']	['Metadata']	[]
BV14u411Y7V1	Hateful	['Offensive', 'Hateful', 'Hateful']	['Woman']	['Transcript', 'Metadata']	[(0, 33)]
BV11B4y1E7WW	Normal	['Hateful', 'Normal', 'Normal']	['A celebrity']	['Audio', 'Vision component', 'Metadata']	[(0, 12)]
BV1fG411B7iM	Normal	['Normal', 'Normal']	[]	[]	[]
BV1FP4y1p744	Normal	['Normal', 'Normal']	[]	[]	[]
BV1Aa411u7S4	Normal	['Normal', 'Normal']	[]	[]	[]
BV1K8411Q7W4	Normal	['Normal', 'Normal']	[]	[]	[]
BV1834y1T71Z	Normal	['Normal', 'Normal']	[]	[]	[]
BV1Wa4y1A7Kq	Normal	['Normal', 'Normal']	[]	[]	[]
BV1q24y1V7G5	Normal	['Normal', 'Normal']	[]	[]	[]
BV1Zp4y1m71P	Normal	['Normal', 'Normal']	[]	[]	[]
BV15U4y1p7jY	Offensive	['Offensive', 'Normal', 'Offensive']	['Woman']	['Audio', 'Vision component', 'Transcript', 'Metadata']	[(0, 50)]
BV1yW41117ME	Normal	['Normal', 'Normal']	[]	[]	[]
BV1TP411s7VM	Normal	['Normal', 'Normal']	[]	[]	[]
BV11V411t797	Normal	['Normal', 'Normal']	[]	[]	[]
BV13c411j7Q2	Normal	['Normal', 'Normal']	[]	[]	[]
BV1hQ4y1h7tb	Normal	['Normal', 'Normal']	[]	[]	[]
BV1wu411n7ot	Offensive	['Offensive', 'Offensive']	['Woman']	['Audio', 'Transcript']	[(0, 14)]
BV14C4y1G7Ey	Offensive	['Offensive', 'Hateful', 'Offensive']	['Woman', 'Man']	['Audio', 'Vision component', 'Transcript', 'Metadata']	[(0, 52)]
BV1PM4y1y7q3	Normal	['Counter Narrative', 'Normal']	[]	[]	[]
BV1xV4y1m723	Normal	['Counter Narrative', 'Normal']	[]	[]	[]
BV1Cd4y1p7yA	Offensive	['Offensive', 'Normal', 'Offensive']	['Woman']	['Vision component', 'Transcript', 'Metadata']	[(0, 16)]
BV1Ye411Z73C	Normal	['Counter Narrative', 'Normal']	[]	[]	[]
BV14F411a7PJ	Normal	['Counter Narrative', 'Normal']	[]	[]	[]
BV19J411G7i2	Offensive	['Offensive', 'Hateful', 'Offensive']	['Woman']	['Metadata']	[(0, 0)]
BV13Q4y1y7UW	Normal	['Normal', 'Normal']	[]	[]	[]
BV1fL41147et	Hateful	['Offensive', 'Hateful', 'Hateful']	['LGBTQ']	['Audio', 'Transcript', 'Metadata']	[(0, 12), (14, 26)]
BV1rG4y167RB	Normal	['Normal', 'Normal']	[]	[]	[]
BV1gW4y1t7an	Offensive	['Offensive', 'Hateful', 'Offensive']	['Man', 'LGBTQ']	['Vision component', 'Metadata']	[(0, 31)]
BV1dw411f76v	Offensive	['Normal', 'Offensive', 'Offensive']	['LGBTQ']	['Audio', 'Transcript', 'Metadata']	[(5, 9)]
BV1Uk4y1F73H	Normal	['Normal', 'Normal']	[]	[]	[]
BV1zx4y1o7iS	Normal	['Normal', 'Normal']	[]	[]	[]
BV11D421P7Qj	Normal	['Offensive', 'Normal', 'Normal']	['Woman']	['Metadata']	[]
BV1RV4y1b7vk	Normal	['Offensive', 'Normal', 'Normal']	[]	['Audio', 'Transcript', 'Metadata']	[(0, 37)]
BV1Qv4y1H7La	Offensive	['Hateful', 'Offensive', 'Offensive']	[]	['Vision component', 'Metadata']	[(0, 12)]
BV1vj41147q7	Offensive	['Offensive', 'Offensive']	[]	['Vision component', 'Metadata']	[(0, 26)]
BV17w411g7iA	Normal	['Normal', 'Normal']	[]	[]	[]
BV1Bb4y1475H	Offensive	['Offensive', 'Hateful', 'Offensive']	['LGBTQ']	['Audio', 'Vision component', 'Transcript', 'Metadata']	[(0, 19)]
BV13i4y1U7Ac	Normal	['Counter Narrative', 'Normal']	[]	[]	[]
BV1gf4y1A75S	Normal	['Counter Narrative', 'Normal']	[]	[]	[]
BV1tJ411y7xH	Hateful	['Offensive', 'Hateful', 'Hateful']	['Man']	['Vision component', 'Metadata']	[(0, 9)]
BV1gr4y1h7T1	Offensive	['Offensive', 'Hateful', 'Offensive']	['Woman', 'American']	['Audio', 'Transcript', 'Metadata']	[(0, 56)]
BV1bk4y1K7Eu	Hateful	['Offensive', 'Hateful', 'Hateful']	['Japanese', 'Woman']	['Transcript', 'Metadata']	[(0, 13)]
BV18N4y1B7qA	Normal	['Normal', 'Normal']	[]	[]	[]
BV18w411o7SQ	Normal	['Hateful', 'Normal', 'Normal']	['LGBTQ']	['Metadata']	[]
BV1EP4y1g7aS	Offensive	['Offensive', 'Offensive']	[]	['Vision component', 'Metadata']	[(0, 12)]
BV1Ze411e7Dc	Normal	['Normal', 'Normal']	[]	[]	[]
BV11g4y1F7kn	Normal	['Normal', 'Normal']	[]	[]	[]
BV11u4m1w73c	Normal	['Offensive', 'Normal', 'Normal']	['Woman']	['Vision component', 'Transcript']	[(17, 51)]
BV1RN411H7no	Normal	['Normal', 'Normal']	[]	[]	[]
BV1Ha411H75C	Normal	['Normal', 'Normal']	[]	[]	[]
BV1QJ4m1P7xo	Normal	['Hateful', 'Normal', 'Normal']	['Woman']	['Audio', 'Vision component', 'Metadata']	[(1, 44)]
BV15w411B7fJ	Normal	['Normal', 'Normal']	[]	[]	[]
BV12x411e7uK	Normal	['Offensive', 'Normal', 'Normal']	[]	['Vision component']	[(5, 8)]
BV1ZW4y1L7rT	Normal	['Offensive', 'Normal', 'Hateful', 'Normal']	['Certain celebrity', 'Woman']	['Metadata']	[]
BV1e64y1J7bw	Normal	['Normal', 'Normal']	[]	[]	[]
BV1Nw411X7Xj	Normal	['Normal', 'Normal']	[]	[]	[]
BV1dM4y1x7rM	Offensive	['Normal', 'Offensive', 'Offensive']	['Woman']	['Transcript']	[(0, 48)]
BV1su411j74z	Hateful	['Offensive', 'Hateful', 'Hateful']	['Woman']	['Audio', 'Vision component', 'Transcript', 'Metadata']	[(0, 12)]
BV1X84y1m7j7	Normal	['Normal', 'Offensive', 'Normal']	['Woman', 'LGBTQ']	['Metadata']	[]
BV1tw411g7Qh	Normal	['Normal', 'Normal']	[]	[]	[]
BV1Mp421f7MK	Normal	['Normal', 'Normal']	[]	[]	[]
BV16w411j7NH	Normal	['Normal', 'Normal']	[]	[]	[]
BV1ho4y1G7sV	Normal	['Normal', 'Normal']	[]	[]	[]
BV1He411k7EL	Offensive	['Offensive', 'Normal', 'Offensive']	['Man']	['Audio', 'Vision component', 'Transcript']	[(0, 20)]
BV1J84y1M7Wi	Normal	['Normal', 'Normal']	[]	[]	[]
BV15p4y1L7we	Normal	['Normal', 'Normal']	[]	[]	[]
BV1Ns411f7oq	Normal	['Normal', 'Normal']	[]	[]	[]
BV11a4y1w7oT	Normal	['Normal', 'Normal']	[]	[]	[]
BV16q4y1J75z	Normal	['Normal', 'Normal']	[]	[]	[]
BV1YQ4y1b7rr	Offensive	['Offensive', 'Offensive']	['Woman']	['Audio', 'Vision component', 'Transcript', 'Metadata']	[(0, 34)]
BV13j411R79M	Normal	['Normal', 'Normal']	[]	[]	[]
BV19P411x7hk	Normal	['Normal', 'Normal']	[]	[]	[]
BV19c411t7r5	Normal	['Counter Narrative', 'Normal']	[]	[]	[]
BV1xc41187JX	Normal	['Normal', 'Normal']	[]	[]	[]
BV1D3411W7qK	Hateful	['Counter Narrative', 'Hateful', 'Hateful']	['Woman', 'Man']	['Audio', 'Vision component', 'Transcript', 'Metadata']	[(0, 38)]
BV1f4411V7of	Offensive	['Offensive', 'Offensive']	[]	['Transcript']	[(0, 17)]
BV1z34y1u7Dg	Normal	['Normal', 'Normal']	[]	[]	[]
BV1Xr4y1X7j8	Normal	['Normal', 'Normal']	[]	[]	[]
BV1Zg4y1H7ih	Hateful	['Counter Narrative', 'Hateful', 'Hateful']	['LGBTQ']	['Audio', 'Vision component', 'Transcript', 'Metadata']	[(0, 15), (27, 31)]
BV1iW4y1j7Qi	Normal	['Normal', 'Normal']	[]	[]	[]
BV1tY411c7cc	Normal	['Normal', 'Normal']	[]	[]	[]
BV1Xr4y1F7wr	Normal	[ 'Normal', 'Normal']	['Woman']	['Metadata']	[]
BV1Y44y1v7uy	Normal	['Normal', 'Normal']	[]	[]	[]
BV1Fg411Z7UE	Normal	['Normal', 'Hateful', 'Normal']	['America']	['Vision component', 'Transcript', 'Metadata']	[(1, 15)]
BV167411j7vS	Normal	['Normal', 'Normal']	[]	[]	[]
BV144411K7on	Normal	['Normal', 'Normal']	[]	[]	[]
BV1cW4y1D756	Hateful	['Normal', 'Hateful', 'Hateful']	['Woman']	['Audio', 'Vision component', 'Transcript', 'Metadata']	[(0, 15)]
BV1ZK421x7tZ	Normal	['Counter Narrative', 'Normal']	[]	[]	[]
BV1xo4y1w7u7	Offensive	['Offensive', 'Normal', 'Offensive']	['Woman']	['Vision component', 'Metadata']	[(1, 20)]
BV1cs4y1Y7hn	Normal	['Normal', 'Normal']	[]	[]	[]
BV1q94y1L76j	Normal	['Counter Narrative', 'Normal']	[]	[]	[]
BV1s3411j7Px	Normal	['Normal', 'Normal']	[]	[]	[]
BV1am4y1s7RM	Hateful	['Counter Narrative', 'Hateful', 'Hateful']	['Woman']	['Vision component', 'Metadata']	[(0, 16)]
BV1LN4y1477F	Normal	['Normal', 'Normal']	[]	[]	[]
BV1hm4y1p73d	Hateful	['Hateful', 'Hateful']	['Woman']	['Audio', 'Vision component', 'Transcript', 'Metadata']	[(0, 41)]
BV1Nc411J7JG	Normal	['Normal', 'Normal']	[]	[]	[]
BV1Qu411t7vm	Normal	['Normal', 'Normal']	[]	[]	[]
BV1TX4y1c7KX	Normal	['Normal', 'Normal']	[]	[]	[]
BV1vk4y1M7Ut	Normal	['Normal', 'Normal']	[]	[]	[]
BV1nV4y1e7dj	Hateful	['Hateful', 'Hateful']	['Woman']	['Audio', 'Vision component', 'Transcript', 'Metadata']	[(0, 42)]
BV1BK411m7fv	Normal	['Normal', 'Normal']	[]	[]	[]
BV1Zo4y1x7dF	Normal	['Normal', 'Normal']	[]	[]	[]
BV1Mt4y1u77X	Normal	['Normal', 'Normal']	[]	[]	[]
BV1he4y1N76x	Hateful	['Hateful', 'Offensive', 'Normal', 'Hateful']	['Celebrity', 'Man']	['Metadata']	[]
BV1fU4y1X7Gu	Normal	['Offensive', 'Normal', 'Normal']	['Man', 'LGBTQ']	['Vision component', 'Metadata']	[]
BV13C4y1672G	Offensive	['Offensive', 'Offensive']	['Woman']	['Vision component', 'Metadata']	[(1, 56)]
BV1rt4y197Ma	Normal	['Normal', 'Normal']	[]	[]	[]
BV1JS4y1R7LK	Normal	['Normal', 'Normal']	[]	[]	[]
BV17841197p2	Normal	['Normal', 'Normal']	[]	[]	[]
BV1hr4y1T7VM	Normal	['Normal', 'Normal']	[]	[]	[]
BV1sa411U7wo	Normal	['Normal', 'Normal']	[]	[]	[]
BV1R54y1V73E	Normal	['Normal', 'Normal']	[]	[]	[]
BV1N8411R7h7	Normal	['Normal', 'Normal']	[]	[]	[]
BV1fc411o7Rt	Normal	['Normal', 'Normal']	[]	[]	[]
BV1dq4y1z78t	Normal	['Normal', 'Normal']	[]	[]	[]
BV1N94y1a73A	Normal	['Normal', 'Normal']	[]	[]	[]
BV1yk4y1j7f4	Normal	['Normal', 'Offensive', 'Normal']	[]	['Audio', 'Vision component', 'Metadata']	[(4, 9)]
BV1UL411n7Pe	Offensive	['Offensive', 'Hateful', 'Offensive']	['Woman', 'Man']	['Audio', 'Vision component', 'Transcript', 'Metadata']	[(0, 42)]
BV1iP4y1B7pC	Hateful	['Offensive', 'Hateful', 'Hateful']	['Man', 'LGBTQ']	['Audio', 'Transcript', 'Metadata']	[(0, 16)]
BV1UK4y1j7N9	Normal	['Normal', 'Normal']	[]	[]	[]
BV1EP4y1p7az	Hateful	['Counter Narrative', 'Hateful', 'Hateful']	['LGBTQ']	['Metadata']	[]
BV1zP4y1U7Hm	Normal	['Normal', 'Normal']	[]	[]	[]
BV1so4y1L74Z	Normal	['Normal', 'Normal']	[]	[]	[]
BV1Yp4y13771	Normal	['Normal', 'Normal']	[]	[]	[]
BV1cc411C7b4	Offensive	['Hateful', 'Offensive', 'Offensive']	[]	['Vision component', 'Metadata']	[(0, 31)]
BV1U94y1b7Q8	Hateful	['Hateful', 'Hateful']	['Man']	['Audio', 'Transcript', 'Metadata']	[(0, 31)]
BV1z84y1L7mP	Hateful	['Hateful', 'Normal', 'Hateful']	['Children', None]	['Audio', 'Vision component', 'Transcript', 'Metadata']	[(0, 14)]
BV1sb411X7b5	Hateful	['Hateful', 'Hateful']	['Man', 'Taiwanese']	['Vision component', 'Transcript', 'Metadata']	[(0, 12)]
BV15P4y1J7xG	Normal	['Offensive', 'Normal', 'Normal']	[]	['Audio', 'Transcript']	[(0, 43)]
BV13Q4y1F7Ct	Normal	['Counter Narrative', 'Normal']	[]	[]	[]
BV1Ff4y1T7hU	Hateful	['Hateful', 'Counter Narrative', 'Hateful']	['Woman']	['Audio', 'Vision component', 'Transcript', 'Metadata']	[(0, 38)]
BV1AK4y1B7Lv	Offensive	['Offensive', 'Offensive']	['Woman']	['Audio', 'Metadata']	[(0, 18)]
BV1Ed4y1J7bF	Normal	['Normal', 'Normal']	[]	[]	[]
BV1eg4y1J7Zj	Normal	['Normal', 'Normal']	[]	[]	[]
BV1cP41187kC	Normal	['Normal', 'Normal']	[]	[]	[]
BV1Uu411o7YR	Normal	['Counter Narrative', 'Normal']	[]	[]	[]
BV1Fm411D7Lr	Offensive	['Offensive', 'Offensive']	[]	['Metadata']	[]
BV1qK411H72N	Normal	['Normal', 'Normal']	[]	[]	[]
BV1Go4y1J7ZA	Normal	['Hateful', 'Normal', 'Normal']	['Woman']	['Vision component', 'Metadata']	[]
BV12V4y1g7pd	Normal	['Counter Narrative', 'Normal']	[]	[]	[]
BV1o44y197Eu	Normal	['Normal', 'Normal']	[]	[]	[]
BV16X4y1k7oJ	Normal	['Normal', 'Normal']	[]	[]	[]
BV1TC4y197wx	Normal	['Normal', 'Normal']	[]	[]	[]
BV1wh411f7qV	Hateful	['Hateful', 'Hateful']	['Man']	['Transcript']	[(0, 45)]
BV1hf4y1Z7Pm	Hateful	['Hateful', 'Hateful']	['LGBTQ']	['Audio', 'Transcript', 'Metadata']	[(0, 36)]
BV1fG411p7g6	Normal	['Normal', 'Normal']	[]	[]	[]
BV1CN4y1f7gx	Normal	['Normal', 'Normal']	[]	[]	[]
BV1Mw411B7uJ	Normal	['Counter Narrative', 'Normal']	[]	[]	[]
BV1x54y1X7kE	Normal	['Normal', 'Normal']	[]	[]	[]
BV1GD4y1u7Yf	Hateful	['Hateful', 'Hateful']	['Japanese', 'Man']	['Vision component', 'Transcript', 'Metadata']	[(0, 10)]
BV1fz4y1N7e7	Hateful	['Counter Narrative', 'Hateful', 'Hateful']	['Woman', 'Man']	['Audio', 'Vision component', 'Transcript', 'Metadata']	[(0, 59)]
BV1DA411y7vy	Hateful	['Hateful', 'Hateful']	['Man', 'Nazi']	['Vision component', 'Transcript', 'Metadata']	[(0, 11)]
BV1ou4y1n7vU	Offensive	[ 'Offensive', 'Offensive']	[]	['Metadata']	[]
BV1CN411h7XN	Normal	['Normal', 'Normal']	[]	[]	[]
BV1LA4y1D75Q	Normal	['Normal', 'Normal']	[]	[]	[]
BV1D94y197UN	Offensive	['Offensive', 'Offensive']	['Man']	['Audio', 'Transcript']	[(0, 20)]
BV1Gv411E772	Normal	['Normal', 'Normal']	[]	[]	[]
BV1i34y1p7jU	Offensive	['Offensive', 'Offensive']	['Woman']	['Vision component', 'Metadata']	[(0, 35)]
BV1dN411p72h	Normal	['Normal', 'Normal']	[]	[]	[]
BV1nG411C7kg	Normal	['Normal', 'Normal']	[]	[]	[]
BV1A94y1M7bQ	Normal	['Normal', 'Normal']	[]	[]	[]
BV1SY411A7jM	Normal	['Normal', 'Normal']	[]	[]	[]
BV1Jz411q73E	Normal	['Normal', 'Normal']	[]	[]	[]
BV1Wp4y1z7Dr	Normal	['Counter Narrative', 'Normal']	[]	[]	[]
BV1LJ411G72b	Offensive	['Offensive', 'Offensive']	['Man']	['Metadata']	[]
BV1Rc411u7sJ	Hateful	['Hateful', 'Hateful']	['Woman', 'LGBTQ']	['Transcript']	[(9, 11)]
BV1M8411U7SQ	Offensive	['Offensive', 'Offensive']	[]	['Vision component', 'Metadata']	[(10, 23)]
BV1Au411M78x	Normal	['Normal', 'Normal']	[]	[]	[]
BV15c411477v	Normal	['Normal', 'Normal']	[]	[]	[]
BV1RH4y1i7Lu	Normal	['Normal', 'Normal']	[]	[]	[]
BV1o54y157yg	Normal	['Normal', 'Normal']	[]	[]	[]
BV1s3411f7Zr	Normal	['Normal', 'Normal']	[]	[]	[]
BV1te411D7zR	Normal	['Normal', 'Normal']	[]	[]	[]
BV1vY4y1D7hz	Normal	['Counter Narrative', 'Normal']	[]	[]	[]
BV1BL4y1j7iH	Offensive	['Offensive', 'Offensive']	['Woman']	['Vision component']	[(0, 18)]
BV1PW4y1x7kS	Offensive	['Offensive', 'Hateful', 'Offensive']	['Woman', 'Man']	['Audio', 'Vision component', 'Transcript', 'Metadata']	[(0, 54)]
BV1pK411G7vj	Normal	['Normal', 'Normal']	[]	[]	[]
BV13V411Q7zg	Normal	['Normal', 'Normal']	[]	[]	[]
BV1MQ4y1N77K	Normal	['Normal', 'Normal']	[]	[]	[]
BV1Bk4y1A7y9	Normal	['Normal', 'Normal']	[]	[]	[]
BV1Te411m7PS	Normal	['Normal', 'Normal']	[]	[]	[]
BV1nB4y1Q73J	Offensive	['Offensive', 'Offensive']	['Parents']	['Audio', 'Vision component', 'Metadata']	[(0, 45)]
BV1M64y16782	Normal	['Normal', 'Normal']	[]	[]	[]
BV1uU4y1P7D3	Normal	['Normal', 'Normal']	[]	[]	[]
BV1Cr4y1u7Y7	Normal	['Normal', 'Normal']	[]	[]	[]
BV1oS4y1c7v3	Offensive	['Offensive', 'Offensive']	['Woman']	['Audio', 'Transcript']	[(0, 41)]
BV13y4y1J7ZU	Normal	['Normal', 'Normal']	[]	[]	[]
BV1sy4y1X75j	Normal	['Normal', 'Normal']	[]	[]	[]
BV1cR4y1m7YS	Hateful	['Offensive', 'Hateful', 'Hateful']	['Woman']	['Audio', 'Vision component', 'Transcript', 'Metadata']	[(0, 12)]
BV1vC4y1K7E7	Normal	['Normal', 'Normal']	[]	[]	[]
BV1Pj411N7Mb	Hateful	['Counter Narrative', 'Hateful', 'Hateful']	['Woman', 'Man']	['Audio', 'Vision component', 'Transcript', 'Metadata']	[(0, 34)]
BV11u411G7Na	Normal	['Normal', 'Normal']	[]	[]	[]
BV1gV4y1a7HY	Normal	['Normal', 'Normal']	[]	[]	[]
BV1s24y1L7tr	Hateful	['Hateful', 'Hateful']	['Man', 'American']	['Vision component', 'Transcript', 'Metadata']	[(0, 12)]
BV1zT411o7uX	Normal	['Normal', 'Normal']	[]	[]	[]
BV15F411z7tS	Normal	['Normal', 'Normal']	[]	[]	[]
BV1r64y1H78r	Normal	['Offensive', 'Normal', 'Normal']	['Man']	['Audio', 'Metadata']	[(16, 24)]
BV1S84y1R7B4	Normal	['Normal', 'Normal']	[]	[]	[]
BV1Ab411h7o4	Normal	['Offensive', 'Normal', 'Normal']	[]	['Vision component']	[(0, 15)]
BV13z4y197Mb	Normal	['Normal', 'Normal']	[]	[]	[]
BV1UT4y1p7WS	Normal	['Normal', 'Normal']	[]	[]	[]
BV1Pu4y1g7Pk	Normal	['Offensive', 'Normal', 'Normal']	['Woman', 'LGBTQ']	['Metadata']	[]
BV1kq4y1d7L2	Normal	['Offensive', 'Normal', 'Normal']	[]	['Audio', 'Vision component']	[(4, 7)]
BV1Zk4y1W7mz	Normal	['Normal', 'Normal']	[]	[]	[]
BV14E411b7oC	Normal	['Offensive', 'Normal', 'Normal']	[]	['Metadata']	[]
BV1GW4y1v7Qi	Normal	['Normal', 'Normal']	[]	[]	[]
BV1Aq4y187wR	Normal	['Normal', 'Normal']	[]	[]	[]
BV1Uw411v7w1	Offensive	['Offensive', 'Hateful', 'Offensive']	['Man', 'LGBTQ']	['Vision component', 'Metadata']	[(0, 16)]
BV1Qa4y1W7xv	Normal	['Normal', 'Normal']	[]	[]	[]
BV1tq4y1G74f	Normal	['Offensive', 'Normal', 'Normal']	['Man']	['Vision component', 'Metadata']	[]
BV1GB4y1M7y1	Normal	['Offensive', 'Normal', 'Normal']	[]	['Metadata']	[]
BV11m4y1C7CJ	Normal	['Normal', 'Normal']	[]	[]	[]
BV1Zm4y1z7sE	Normal	['Normal', 'Normal']	[]	[]	[]
BV13K4y1B7rQ	Normal	['Normal', 'Normal']	[]	[]	[]
BV12j411q7UR	Offensive	['Offensive', 'Offensive']	['LGBTQ']	['Metadata']	[]
BV12B4y1J7FM	Offensive	['Offensive', 'Offensive']	[]	['Vision component', 'Metadata']	[]
BV1ru411E7Ph	Offensive	['Offensive', 'Offensive']	['Woman']	['Vision component', 'Metadata']	[(0, 44)]
BV1q84y1e78M	Offensive	['Offensive', 'Hateful', 'Offensive']	['Man', 'LGBTQ']	['Vision component', 'Metadata']	[(0, 15)]
BV1qm4y1B7QG	Offensive	['Offensive', 'Offensive']	['Woman', 'LGBTQ']	['Vision component', 'Transcript', 'Metadata']	[(10, 18)]
BV1qe411r7Mg	Hateful	['Hateful', 'Hateful']	['Woman']	['Metadata']	[]
BV1xN411u7Jh	Normal	['Normal', 'Normal']	[]	[]	[]
BV1C14y1w7vm	Normal	['Normal', 'Normal']	[]	[]	[]
BV1JZ421z7Y7	Normal	['Normal', 'Normal']	[]	[]	[]
BV117421N7HM	Offensive	['Offensive', 'Offensive']	[]	['Vision component', 'Transcript', 'Metadata']	[(0, 25)]
BV1ze4y1q7mk	Normal	['Normal', 'Normal']	[]	[]	[]
BV1a14y197EE	Normal	['Normal', 'Normal']	[]	[]	[]
BV1ko4y187wP	Normal	['Normal', 'No', 'Normal']	[]	[]	[]
BV18a4y1r7XW	Normal	['Normal', 'Normal']	[]	[]	[]
BV1CN4y1h79K	Offensive	['Offensive', 'Offensive']	['Woman']	['Transcript', 'Metadata']	[(0, 8)]
BV1xE411Y7Dv	Offensive	['Offensive', 'Offensive']	['Woman', 'Man']	['Audio', 'Vision component', 'Transcript', 'Metadata']	[(0, 25)]
BV1jJ41147t5	Normal	['Normal', 'Normal']	[]	[]	[]
BV1494y1F7Vz	Normal	['Hateful', 'Normal', 'Normal']	"[""Mama's Boy""]"	['Transcript']	[(29, 33)]
BV1LZ4y1v7FB	Normal	['Normal', 'Normal']	[]	[]	[]
BV1aP41167kx	Normal	['Offensive', 'Normal', 'Normal']	[]	['Audio', 'Transcript', 'Metadata']	[(8, 30)]
BV1th411r79j	Normal	['Normal', 'Normal']	[]	[]	[]
BV11j411R76r	Normal	['Normal', 'Normal']	[]	[]	[]
BV1hp4y1E7z8	Hateful	['Hateful', 'Hateful']	['Japanese', 'Woman']	['Transcript', 'Metadata']	[(0, 13)]
BV1354y1G7Td	Normal	['Normal', 'Normal']	[]	[]	[]
BV1Pv411p7xJ	Offensive	['Offensive', 'Offensive']	['Woman']	['Vision component', 'Metadata']	[(0, 11)]
BV1nY4y1B7h3	Normal	['Normal', 'Normal']	[]	[]	[]
BV1ru4m1N7qy	Normal	['Normal', 'Normal']	[]	[]	[]
BV14c41157Tz	Normal	['Normal', 'Normal']	[]	[]	[]
BV1Cm411Q7Tp	Offensive	['Offensive', 'Offensive']	[]	['Vision component', 'Metadata']	[(0, 40)]
BV1z441137YL	Normal	['Normal', 'Normal']	[]	[]	[]
BV1N54y1P78c	Hateful	['Hateful', 'Hateful']	['Woman']	['Audio', 'Transcript', 'Metadata']	[(0, 23)]
BV1cu4y1g76S	Normal	['Normal', 'Normal']	[]	[]	[]
BV1Hj411W7ic	Normal	['Normal', 'Normal']	[]	[]	[]
BV1Rv4y1C7x8	Normal	['Normal', 'Normal']	[]	[]	[]
BV1pj411j7Yy	Normal	['Normal', 'Normal']	[]	[]	[]
BV1824y1g76b	Hateful	['Hateful', 'Hateful']	['Japanese']	['Vision component', 'Transcript', 'Metadata']	[(0, 23)]
BV1GD4y187g7	Normal	['Normal', 'Normal']	[]	[]	[]
BV14d4y1E7ew	Offensive	['Offensive', 'Offensive']	['Woman']	['Audio', 'Vision component', 'Transcript', 'Metadata']	[(0, 24)]
BV1wK4y1d79P	Normal	['Normal', 'Normal']	[]	[]	[]
BV1Gb411o7Fr	Offensive	['Offensive', 'Offensive']	['Woman']	['Vision component', 'Transcript', 'Metadata']	[(0, 57)]
BV13N4y1f7dp	Normal	['Normal', 'Normal']	[]	[]	[]
BV1jW4y1n7fP	Normal	['Offensive', 'Offensive']	['Woman']	['Vision component', 'Metadata']	[(0, 12)]
BV1zb411M7g3	Normal	['Normal', 'Normal']	[]	[]	[]
BV1hu4y1f7Ni	Offensive	['Offensive', 'Hateful', 'Normal', 'Offensive']	['Woman', 'LGBTQ']	['Metadata']	[]
BV19J411G7MT	Offensive	['Offensive', 'Offensive']	['Woman']	['Metadata']	[]
BV1214y1279y	Normal	['Normal', 'Normal']	[]	[]	[]
BV1Bw411z71n	Offensive	['Offensive', 'Normal', 'Offensive']	[]	['Vision component', 'Metadata']	[(0, 9)]
BV15R4y1R7es	Offensive	['Offensive', 'Offensive']	[]	['Vision component', 'Metadata']	[(0, 22)]
BV1gT411H7a3	Normal	['Normal', 'Normal']	[]	[]	[]
BV1bp4y1h7m1	Offensive	['Hateful', 'Offensive', 'Offensive']	['Woman', 'Man']	['Audio', 'Vision component', 'Transcript', 'Metadata']	[(0, 28)]
BV1wX4y1R7WZ	Hateful	['Hateful', 'Hateful']	['Man', 'Taiwanese']	['Vision component', 'Transcript', 'Metadata']	[(0, 13)]
BV1wS4y1t7ws	Normal	['Normal', 'Normal']	[]	[]	[]
BV1au4y147Mr	Normal	['Normal', 'Normal']	[]	[]	[]
BV1uc41197AR	Normal	['Normal', 'Normal']	[]	[]	[]
BV1nf4y1q7NV	Normal	['Hateful', 'Normal', 'Normal']	['LGBTQ']	['Metadata']	[]
BV1GN41157rE	Offensive	['Offensive', 'Offensive']	['Woman']	['Audio', 'Vision component', 'Transcript', 'Metadata']	[(0, 11)]
BV1Wm4y1i7Jt	Normal	['Normal', 'Normal']	[]	[]	[]
BV1Zc411e73G	Normal	['Normal', 'Normal']	[]	[]	[]
BV1xt411X7GM	Normal	['Normal', 'Normal']	[]	[]	[]
BV1wa411f7Xx	Normal	['Counter Narrative', 'Normal', 'Normal']	[]	['Metadata']	[]
BV1qT411a7CZ	Normal	['Normal', 'Normal']	[]	[]	[]
BV1Nt411N7bA	Hateful	['Offensive', 'Hateful', 'Hateful']	['Children', '', 'Man', 'A celebrity ']	['Vision component', 'Metadata']	[(0, 11)]
BV1gT41167Jb	Offensive	['Offensive', 'Offensive']	['Woman']	['Vision component', 'Metadata']	[(0, 48)]
BV1724y1475b	Normal	['Normal', 'Normal']	[]	[]	[]
BV1wN411g7qt	Normal	['Normal', 'Normal']	[]	[]	[]
BV1gg411V7iH	Normal	['Normal', 'Normal']	[]	[]	[]
BV1e24y1T7Z2	Hateful	['Hateful', 'Hateful']	['Celebrity', 'Woman']	['Audio', 'Vision component', 'Transcript', 'Metadata']	[(0, 59)]
BV17z4y1M7z4	Normal	['Normal', 'Normal']	[]	[]	[]
BV17B4y1d7g7	Normal	['Normal', 'Normal']	[]	[]	[]
BV1GD4y1R7jX	Normal	['Normal', 'Normal']	[]	[]	[]
BV18i4y1b7k3	Offensive	['Offensive', 'Offensive']	['Woman']	['Transcript', 'Metadata']	[(33, 36)]
BV1564y1M7Z6	Hateful	['Hateful', 'Hateful']	['Woman', 'Man']	['Audio', 'Vision component', 'Transcript', 'Metadata']	[(0, 39)]
BV16g411H7Mr	Offensive	['Offensive', 'Offensive']	[]	['Vision component', 'Metadata']	[(0, 16)]
BV158411i7rQ	Hateful	['Normal', 'Hateful', 'Hateful']	['Celebrity', 'Woman']	['Metadata']	[]
BV12N411j7Tt	Hateful	['Hateful', 'Normal', 'Hateful']	['Woman']	['Metadata']	[]
BV1t5411h71N	Offensive	['Offensive', 'Offensive']	['Woman', 'Man']	['Metadata']	[]
BV1iD4y1B7Sw	Normal	['Normal', 'Normal']	[]	[]	[]
BV1hr4y1T7EE	Normal	['Normal', 'Normal']	[]	[]	[]
BV1Mp4y1Z7Hy	Hateful	['Hateful', 'Hateful']	['Man', 'Taiwanese']	['Vision component', 'Transcript', 'Metadata']	[(13, 31)]
BV13s4y1T7U1	Normal	['Normal', 'Normal']	[]	[]	[]
BV1Jw411j7oC	Normal	['Counter Narrative', 'Normal']	[]	[]	[]
BV1rL411B7pD	Normal	['Normal', 'Normal']	[]	[]	[]
BV1X34y1u77R	Normal	['Normal', 'Normal']	[]	[]	[]
BV1EN4y1j7rN	Normal	['Normal', 'Normal']	[]	[]	[]
BV1hC4y1Z7tH	Normal	['Normal', 'Normal']	[]	[]	[]
BV1dC4y1N73S	Normal	['Normal', 'Normal']	['Man']	['Vision component']	[(14, 18)]
BV1G24y1e7pJ	Hateful	['Offensive', 'Hateful', 'Normal', 'Hateful']	['Celebrity', '', 'Man']	['Audio', 'Vision component', 'Metadata']	[(0, 14)]
BV1R84y1u7ns	Offensive	['Hateful', 'Offensive', 'Offensive']	['Woman']	['Audio', 'Vision component', 'Transcript', 'Metadata']	[(0, 56)]
BV1vz4y1r7ot	Offensive	['Offensive', 'Offensive']	['Man']	['Vision component', 'Metadata']	[(0, 19)]
BV1RN411B7UB	Normal	['Normal', 'Normal']	[]	[]	[]
BV1dX4y1c7GG	Normal	['Normal', 'Normal']	[]	[]	[]
BV1cM411J7bN	Normal	['Normal', 'Normal']	[]	[]	[]
BV1nP4y1s75k	Normal	['Normal', 'Normal']	[]	[]	[]
BV1v94y1C7r2	Normal	['Normal', 'Normal']	[]	[]	[]
BV144421w742	Normal	['Normal', 'Normal']	[]	[]	[]
BV18o4y1D7Dm	Normal	['Normal', 'Normal']	[]	[]	[]
BV1ot411h7my	Normal	['Normal', 'Normal']	[]	[]	[]
BV1Go4y1p7RS	Normal	['Normal', 'Normal']	[]	[]	[]
BV1sV4y117mE	Normal	['Normal', 'Normal']	[]	[]	[]
BV1P64y1a7R5	Normal	['Normal', 'Normal']	[]	[]	[]
BV17x411f7n3	Normal	['Normal', 'Normal']	[]	[]	[]
BV1Fi4y1e7LM	Normal	['Normal', 'Normal']	[]	[]	[]
BV1cf4y1K7QG	Offensive	['Offensive', 'Offensive']	[]	['Audio', 'Vision component', 'Transcript', 'Metadata']	[(0, 14)]
BV1w24y1n7qB	Normal	['Normal', 'Offensive', 'Normal']	[]	['Vision component']	[(28, 42)]
BV1a24y1w79M	Normal	['Normal', 'Normal']	[]	[]	[]